{"jav" : "https://pics.dmm.co.jp/digital/video/1fsdss230/1fsdss230jp-2.jpg",

"kor" : "https://i.ytimg.com/vi/-wnQBUJP-es/maxresdefault.jpg",

"china" : "https://www.dropbox.com/scl/fi/q91cjv2umzm3kt9l715cv/1694696680536.jpg?rlkey=fxnaju6rm05yimsgzwn92kk7a&dl=1",

"premium" : "https://pics.dmm.co.jp/digital/video/cawd00551/cawd00551jp-9.jpg",

"usa" : "https://sweet-pornstars.com/assets/images/resources/97762/babysitter-lexi-lore-has-fucked-her-tight-asshole-9.jpg",
  
"heni":"https://3.bp.blogspot.com/-oMiN5iwIkKo/TwbVorW7VPI/AAAAAAAAAXE/M6X1f62Qi5Y/s1600/erika.png",
  
"photo":"https://raw.githubusercontent.com/nyein-khant/guid/main/1686392816747.jpg",
  
"clik":"https://t.me/FHAFreeChannel"}
