{

  "Visibility": "VISIBLE",

  "Title": "New Update",

  "Description": "Update 9.0 version အောက်က Website ကနေသွားပြီးဒေါင်းလိုက်ပါ။
  ADM ကိုအားပေးချင်ရင် telegram Vip 11 ခုလာဝင်လိူ့ရတယ်နော် 3000 ပါဗျ။
  ",
  "MainTextButton": "Website Link",

  "Cancelable": "false",
  "CancelButtonText": "Direct Link",

  "DirectLink" : "https://darknesspro.xyz/",

  "DownloadLink": "https://darknesspro.xyz/",

  "Version": "9.0"

}
