[{"image":"https://www.dropbox.com/s/ltxegkmg7u87ipi/20221105_024159%20%281%29.jpg?dl=1",
"C":"A",
"link":"https://l1-xl1.myanmarnet.com/relay/channelk/ch1/stream_hi/index.m3u8"},
{"image":"https://www.dropbox.com/s/dy1gxabfmrfwzzv/20221105_025300.jpg?dl=1",
"C":"A",
"link":"https://foreveralive1-a.akamaihd.net/db889d68019848c5b303610afdae3190/ap-southeast-1/6057949479001/profile_2/chunklist.m3u8"},
{"image":"https://www.dropbox.com/s/db7t8g4wjd983of/20221105_014852.jpg?dl=1",
"C":"A",
"link":"https://l1-xl1.myanmarnet.com/relay/mntv/ch1/stream_hi/index.m3u8"},
 {"image":"https://www.dropbox.com/s/uiqxealdojfvafn/20221105_025845.jpg?dl=1",
"C":"A",
"link":"https://foreveralive1-a.akamaihd.net/7cbf965de49a4f308eb64b980e690a38/ap-southeast-1/6057949479001/profile_2/chunklist.m3u8"},
{"image":"https://play-lh.googleusercontent.com/T-jcXtpm_8HeNPXfDd8TQRbEHtptZpHgOJYeUW_4qXJwKSHsamLkAytawGNrChIZoNo",
"C":"A",
"link":"https://tv.mahar.live/mahar/website.stream/mahar/website1/chunks.m3u8"}]
