[{"name":"Anakku Enthinte Keda (2023)",
"photo1":"https://m.media-amazon.com/images/M/MV5BNTY0Y2FlYzItMDRlMy00YzZiLWIzNzgtZTBiOWUwYTYyNDIyXkEyXkFqcGdeQXVyMTAxNDYzMzEy._V1_.jpg",
"play":"https://streamvid.net/e4k9o3zgs96y",
"time":"2h 9mins","year":"2023", "rate":"9.3",
"A":"Action",  "C":"Comedy", "B":"Bollywood" ,
"YH":"https://yoteshinportal.cc/anakku-enthinte-keda-2023-malayalam-true-web-dl-1080-p-avc-yk-cm-mp-4",
"YS":"https://yoteshinportal.cc/anakku-enthinte-keda-2023-malayalam-true-web-dl-720-p-avc-yk-cm-mp-4",
"MH":"https://megaup.net/efYeb/Anakku_Enthinte_Keda_(2023)_Malayalam_TRUE_WEB-DL_-_1080p_-_AVC_-_YK(CM).mp4",
"MS":"https://megaup.net/rN9nq/Anakku_Enthinte_Keda_(2023)_Malayalam_TRUE_WEB-DL_-_720p-_AVC_-_YK(CM).mp4",
"info":"Anakku Enthinte Keda (2023)
ဆံသဆရာ သား
မလေယာလမ် ဒရာမာအချစ်ဇာတ်လမ်းကောင်းလေးတစ်ပုဒ်ကို တင်ဆက်ပေးလိုက်ပါတယ် တောင်ရထားတာဆိုတော့ ဘာပြောကောင်းမလဲပေါ့ဗျာ
မလေယာလမ် ရုပ်ရှင်တွေ ထုံးစံအတိုင်း star ပါဝါနဲ့ ဇာတ်ရှုပ်တွေကို အသားမပေးဘဲ
ရိုးရှင်းတဲ့ အချစ်နဲ့ ဘဝဇာတ်လမ်းကို ငြိမ့်ငြိမ့်လေးကြည့်ရမှာပါ
ဇာတ်လမ်းအကျဥ်းကတော့ ဆယ်မန်က ငယ်ငယ်ကတည်းက ဉာဏ်ကောင်းလွန်းလို့
ပဟေဠိပြိုင်ပွဲတွေမှာ ဆုရပေမယ့် ဆံသဆရာရဲ့သား ဆိုပြီး ကလေးတွေက
လှောင်ကြရာကနေ သည်းမခံနိုင်တော့ ကလေးတစ်ယောက်ကို ခေါင်းရိုက်ခွဲမိသွားတယ်
ဆယ့်မန့်အဖေက ဆယ်မန့်ကို ဒေါသတကြီး ကြိုးတုပ်ပြီး ရိုက်နေတဲ့အချိန် အစ္စလာမ်
တရားဟောဆရာတစ်ယောက်က တားလို့ ဆယ်မန့်ကို ဗလီခေါ်သွားပြီး စာသင်ပေးတယ်."},
{"name":"Aattam (2024) ",
"photo1":"https://bingeddata.s3.amazonaws.com/uploads/2024/01/aattam.jpg",
"play":"https://streamvid.net/6e2vny2ddzln",
"time":"2h 19mins","year":"2024", "rate":"8.5",
"A":"Action",  "C":"Comedy", "B":"Bollywood" ,
"YH":"https://yoteshinportal.cc/aattam-2024-malayalam-true-web-dl-1080-p-avc-yk-cm-mp-4",
"YS":"https://yoteshinportal.cc/aattam-2024-malayalam-true-web-dl-720-p-avc-yk-cm-mp-4",
"MH":"https://megaup.net/7uqby/Aattam_(2024)_Malayalam_TRUE_WEB-DL_-_1080p_-_AVC_-_YK(CM).mp4",
"MS":"https://megaup.net/7uqaf/Aattam_(2024)_Malayalam_TRUE_WEB-DL_-_720p_-_AVC_-_YK(CM).mp4",
"info":"Aattam (2024) ပြဇာတ်
အဖွဲ့သားတွေတစ်စုတစ်စည်းနဲ့ အောင်မြင်မှုတွေဆွတ်ခူးကြတဲ့
ပြဇာတ်အဖွဲ့သားများ နိုင်ငံခြားသားတွေတောင်သဘောကျလို့
ချီးကျူးသံတွေကြားဝေဝေဆာနေတာပေါ့ အကြောင်းကတော့
ဒီ၁နှစ်နေမှ ၃ပွဲလောက်ကရတဲ့အဖွဲ့ထဲ ရုပ်ရှင်မင်းသားတစ်ယောက်ရောက်လာလို့ပါ
အမာခံပရိသတ်တွေကြားရေပန်းစားလာတော့ ပြဇာတ်ထဲရောက်တာ၂နှစ်ပဲကြာသေးပေမဲ့
သူ့ကိုခေါင်းဆောင်မင်းသားတင်လိုက်ပါတယ် ဒီပြဇာတ်ထဲမှာ ၁၄နှစ်လောက်နေလာတဲ့လူကိုတော့
ဟီးရိုးနေရာမပေးလို့တင်းတဲ့လူကတင်းပေါ့ ဒီလိုနဲ့ အအောင်မြင်ဆုံးပြဇာတ်ကပြီး
နိုင်ငံခြားသားစုံတွဲကသဘောကျသွားလို့သူတို့အိမ်ဆီ တစ်ဖွဲ့လုံးကိုအလည်ဖိတ်ခဲ့တယ်
အဖွဲ့လိုက်ရောက်သွားတဲ့ ဒီပါတီမှာ."},
{"name":"Saheb Biwi Aur Gangster 3 (2018) ",
"photo1":"https://m.media-amazon.com/images/M/MV5BZTQ3ZWFlOTUtMTQ1OS00M2VkLThhZTItNzU0MTY4N2QxNjBjXkEyXkFqcGdeQXVyMTA4NjE0NjEy._V1_.jpg",
"play":"https://asnwish.com/vkodjss9i2xj",
"time":"2h 20mins","year":"2018", "rate":"5.8",
"A":"Thriller",  "C":"Crime", "B":"Bollywood" ,
"YH":"https://yoteshinportal.cc/saheb-biwi-aur-gangster-3-2018-web-rip-1080-p-cm-mp-4",
"YS":"https://yoteshinportal.cc/saheb-biwi-aur-gangster-3-2018-web-rip-720-p-cm-mp-4",
"MH":"https://megaup.net/l1Ffl/Saheb_Biwi_Aur_Gangster_3_2018_WebRip_1080p(CM).mp4",
"MS":"https://megaup.net/7uu7v/Saheb_Biwi_Aur_Gangster_3_2018_WebRip_720p(CM).mp4",
"info":"Saheb Biwi Aur Gangster 3 2018 သခင့်မိန်းမနှင့် လူမိုက်ကြီး ၃
ဒီဇာတ်ကားလေးကတော့ တော်ဝင်မိသားစုနဲ့ နိုင်ငံရေးအကြား
အရှုပ်တော်ပုံကိုရိုက်ကူးတင်ဆက်ထားတဲ့ကားလေးပဲဖြစ်ပါတယ်
မင်းသားကြီးဆန်​ဂျေးဒသ်နဲ့ ဂျင်မီရေှရဂီလ်တို့က အဓိကပါဝင်သရုပ်ဆောင်ထားပါတယ်
အာဒိသယားပရတာဗ်ဆင်းဆိုတဲ့ တော်ဝင်မင်းသားလေးဟာ စွဲချက်တွေများစွာကြောင့်
ထောင်နန်းစံနေရတဲ့အချိန် သူ့မိန်းမဟာလည်း သူ့ကို မလိုတမာနည်းနဲ့ ထောင်သက်ရှည်အောင် ကြိုးစားကြံစည်နေတယ်
တစ်ဖက်မှာလည်းချစ်ရသူနဲ့​ဝေးကွာနေရတဲ့ မင်းသား အူဒေးပရတာဗ်ဆင်းဟာလည်း ကမ်းကုန်အောင် မိုက်နေခဲ့တယ်
အာဒိသယားထောင်ကလွတ်လာတဲ့အခါမှာမိန်းမဖြစ်သူဟာ အာဏာရမ္မက်ကြောင့်
ယောက်ျားဖြစ်သူကို သတ်ဖို့ကြိုးစားလာတဲ့အခါမှာတော့..."}]
