[{"name":"SSIS 280 mmsub",
"info":"မြန်မာစာတန်းထိုး
ဇာတ်လမ်းမှာဆိုရင်လဲ သူမဟာ ကောလိပ်ကျောင်းသူတဖြစ်လဲ ဂိုက်ဆရာမလေးကို အချိန်ပိုင်းအနေနဲ့ ပြရင်း ဘဝကိုရုန်းကန်နေရှာသူလေးပေါ့…
သင်တဲ့တပည့် စာကိုအာရုံစိုက်နိုင်ဖို့ဆို သူမရဲ့ တပည့်လေးအပေါ် မေတ္တာပိုသွားပုံကို သူမရဲ့အလှတရားတွေနဲ့အတူ ဖွင့်ဟပြသသွားမှာပါ
မင်းသမီးနာမည် Saika Kawakita",
"watch":"https://cc3001.dmm.co.jp/hlsvideo/freepv/s/ssi/ssis00280/playlist.m3u8",
"download":"https://www.mediafire.com/file/arah6e8j1zhi04i/Ssis-280sd.mp4/file",
"photo1":"https://pic.javct.net/poster/20221108/1663233678.jpg",
"photo2":"https://pics.dmm.co.jp/digital/video/ssis00280/ssis00280pl.jpg",
"photo3":"https://raw.githubusercontent.com/minimyanmar/P10/main/IMG_20240116_190541.jpg",
"photo4":"https://raw.githubusercontent.com/minimyanmar/P10/main/IMG_20240116_190523.jpg",
"photo5":"https://raw.githubusercontent.com/minimyanmar/P10/main/IMG_20240116_190724.jpg",
"dapp":"https://www.mediafire.com/file/s96nwho92b83uru/SSIS-280hd.mp4/file",
"candownload":"",
"wcode":"တစ်"},
{"name":"STARS 978 mmsub",
"info":"မြန်မာစာတန်းထိုး
ခါနာဆိုတဲ့ကောင်မလေးဟာ အမေနဲ့ရန်ဖြစ်ပြီး အဒေါ်အိမ်ကို ထွက်ပြေးလာတယ်
အဒေါ်လင်မယားမှာလည်း သားတစ်ယောက်ရှိနေတဲ့အခါ အဆော့မက်တဲ့သူတို့နှစ်ယောက် ဘာတွေဆော့ကြမလဲ...
မင်းသမီးနာမည် Kanan Amamiya",
"watch":"https://cc3001.dmm.co.jp/hlsvideo/freepv/1/1st/1stars978/playlist.m3u8",
"download":"https://www.mediafire.com/file/yr01a3yeyk4ap0j/Stars-978sd.mp4/file",
"photo1":"https://pics.dmm.co.jp/digital/video/1stars978/1stars978jp-1.jpg",
"photo2":"https://pics.dmm.co.jp/mono/movie/adult/1stars978/1stars978pl.jpg",
"photo3":"https://raw.githubusercontent.com/minimyanmar/P10/main/IMG_20240118_000327.jpg",
"photo4":"https://raw.githubusercontent.com/minimyanmar/P10/main/IMG_20240118_000532.jpg",
"photo5":"https://raw.githubusercontent.com/minimyanmar/P10/main/IMG_20240118_000604.jpg",
"dapp":"https://www.mediafire.com/file/2pu6an84o3espqo/STARS-978hd.mp4/file",
"candownload":"",
"wcode":"တစ်"}]
