{"img":"https://www.gkloot.com/cdn/shop/files/11_ed095761-74ad-4567-96e4-b106d35718bb_1120x.png?v=1709099869",
  "link":"https://www.google.com",
  "photo":"https://cdn.cloudimagesb.com/cti/14/ce/22/14ce224a0bb8defef91430e4f9f2a5c6/1708593211.jpg",
  "links":"https://www.google.com",
 "photo1":"https://smartblogger.com/wp-content/uploads/2222/12/banner-ads-tw.png",
 "click":"https://www.google.com",
"tg":"https://t.me/FHAFreeChannel",
"fb":"fb://profile/100094772477262",
"vk":"https://vk.com/darksite18plus"}
  
