{"image":"https://raw.githubusercontent.com/nyein-khant/noti.json/main/1691564413884.jpg",
"cli":"https://t.me/FHAFreeChannel",
 "vp":"https://weenax.com/wp-content/uploads/2021/11/Zachem-nuzhny-VIP-statusy-na-Binance.jpg",
 
 "ja":"Korea Collection",

"top":"JAV MMSUB",

"kr":"China AV ",

"pre":"Premium ",

"Unc":"Uncensored ",
 
 "usa":"USA VIP ",

"Asi":"Asia Collection ",
 
 "two":"https://raw.githubusercontent.com/nyein-khant/JAVmmsb/main/1672591762786.jpg",

"lik":"https://t.me/+FU5rgniSxEg5NDdl",
 
 "tit":"ပိုမိုကောင်းမွန်စွာအသုံပြုနိုင်ရန် VPN ချိတ်ဆက်ပေးထားပါ https://t.me/FHAFreeChannel ",
 "vip":"https://raw.githubusercontent.com/nyein-khant/noti/main/1686141568828.jpg",
 "cc":"https://t.me/FHAFreeChannel",
 "ff":"fb://profile/100094772477262",
 "ttt":"https://t.me/Blackfuckboy",
 "aa":"1 လစာ 2000 ကျပ်",
 "bb":"2 လစာ 4000 ကျပ် - 3 လစာ 5000 ကျပ်",
 "cd":"ဆော့ဝဲအသုံးပြုရာတွင်ကြော်ညာများမတက်ချင်း",
"dd":"ဇတ်ကားများကို VIP KEYထည့်ပြီးကြည့်ရမာဖြစ်ပါသည်",
 "ee":"VIP KEY ကို Dark Site Facebook ကနေတစ်ဆင့်ဝယ်ယူနိုင်သလို ADM ရဲ့ Telegram Account ကနေလဲလာဝယ်လို့ရပါတယ်ဗျ။",
 
  "vipp":"https://github.com/darknessapk/Darknesspro/blob/main/storage/20240408_163413.jpg?raw=true",
 "telegram":"https://www.darknesstv.xyz/",

 "img":"https://github.com/darknessapk/Darknesspro/blob/main/storage/20240408_163413.jpg?raw=true",
 "link":"https://t.me/+FU5rgniSxEg5NDdl",
 
"txt":"💥 VIP ဝင်ရင်ရရှိ့မည့် Channel များ 💥 

💠 ( 1 ) မြန်မာ သီးသန့်Main VIP

💠 (2) မြန်မာ ချောင်းရိုက်သီးသန့် 

💠 (3) မြန်မာ HomeMade များ

💠 (4) မြန်မာ Leak Photo / Video အချောအလှလေးများ

💠 (5) Jav Japan ဇတ်လမ်းရှည်များ

💠 (6 ) Asian Girls Solo Video / China ဇတ်လမ်းရှည်များ

💠 ( 7 ) China - Korea - Thai - Asia သီးသန့် ဇတ်လမ်းရှည်များ

💠 (8) CCTV Hack ဖောင်းဒိုင်း များ

💠 (9) Asia Leak အငုံလေးများ

💠 (10) VIP Premium Porn

💠 (11) Back UP VIP

 တစ်သက်စာဖြစ်လို VIP Member များကို Black up Vip ထဲထည့်ထားပြီး အကြောင်းအမျိုးမျိုးကြောင့်Channel တစ်ခု ပျက်ခဲ့ရင် ပြန်ထည့်ရအောင်

-----------------------

Channel ( 11 )  ခု ကို 5000 ကျပ်ပါ၊ခွဲ ဝင်မရပါ၊

Wave - KBZ - Bill

ဖုန်းBill နဲ့ဆို 2000 ပိုပါတယ် 7000 ပါ

တို့ဖြင့် Member ဝင်နိုင်ပါတယ် တယ်

ရာသက်ပန်ပါ။ လစဉ်ကျေးမပေးရပါ💎

VIP ဝင်ချင်ဆက်သွယ်ပေးပါ 👇

💥 http://t.me/Blackfuckboy 💥 

VIP ဝင်မှ လာပြောပါ👆💎

ရာသက်ပန်ဖြစ်တဲ့အတွက်လစဥ်ကျေးမပေးရပါ❌"}
