[{"image":"https://i.ytimg.com/vi/x8fPMqeRzK8/maxresdefault.jpg",

"title":"Har Ta 1",

"link":""},

{"image":"https://i.ytimg.com/vi/f4khpUZAN0s/maxresdefault.jpg",

"title":"Funnu Video",

"link":""},

{"image":"https://i.ytimg.com/vi/3dU608-y9rY/maxresdefault.jpg",

"title":"Har Ta 3",

"link":""},

{"image":"https://i.ytimg.com/vi/z8h9ewE3rUo/maxresdefault.jpg",

"title":"Har Ta 6",

"link":""},

{"image":"https://i.ytimg.com/vi/7mWrsXY1-VU/maxresdefault.jpg",

"title":"Funny",

"link":""}]
