{

  "Visibility": "VISIBLE",

  "Title": "New Update",

  "Description": "PlayStore Update တင်မရတဲ့အတွက် Mediafire နဲ့ပဲပေးလိုက်ပါတယ် Install တင်မရပါကအရင်အဟောင်းဖျတ်ပြီးမှVersionအသစ်ကိုInstallလုပ့်ပါ 

VIP Key သမားများအရင်Keyသာပြန်ထည့်သုံးပေးပါ။ ( အဆ​င်ပြေကြပါစေ) ",

  "MainTextButton": "Update Install ",

  "Cancelable": "false",

  "CancelButtonText": "Cancel",

  "DownloadLink": "https://darknesspro.xyz",

  "Version": "8.7"

}
